"Release_poly","Settlement_poly","Distance","Count"
1023,1024,68.7219096934042,371172
1023,1025,201.546096944406,197
1023,1070,137.295559363951,1241
1023,1071,114.629247453545,2348
1023,879,334.647742360635,8
1023,880,345.535437223536,11
1023,927,229.25849490709,9552
1023,928,234.178611225208,14740
1023,973,167.45937875076,17
1023,974,127.499288407508,2860
1023,975,114.629247453545,235122
1023,976,111.533367853829,90342
1023,977,155.687638773617,32
1024,1023,68.7219096934042,100134
1024,1025,187.537664670371,4550
1024,1071,151.113408885905,29
1024,880,316.985847724439,2
1024,926,188.324746588662,1
1024,927,215.331935590159,8576
1024,928,205.629021726112,13694
1024,973,216.742916320851,64
1024,974,156.463961523569,5251
1024,975,110.655499135117,287841
1024,976,60.8254581811537,212276
1024,977,86.9657290802126,1501
1025,1023,201.546096944406,24
1025,1024,187.537664670371,1782
1025,1026,41.72,328491
1025,1027,122.361909693404,42295
1025,1028,197.043819386808,471
1025,1029,268.563819386808,1
1025,1070,259.805729080213,201
1025,1071,197.407638773617,20860
1025,1072,126.251458160425,150556
1025,1073,74.3943979993393,367221
1025,1074,82.8162926355349,288347
1025,1075,126.615277547234,7173
1025,1076,210.419096934042,140
1025,1120,207.354555193308,199
1025,1121,157.912017498085,89
1025,1122,170.069247453545,3617
1025,1123,193.471791770652,72
1026,1024,229.257664670371,305
1026,1025,41.72,23579
1026,1027,80.6419096934042,349122
1026,1028,155.323819386808,23692
1026,1029,226.843819386808,679
1026,1030,289.241909693404,2
1026,1071,239.127638773617,753
1026,1072,167.971458160425,21110
1026,1073,101.486875387616,102599
1026,1074,74.8573118633862,244913
1026,1075,96.1363227499521,70063
1026,1076,168.699096934042,8880
1026,1077,234.259096934042,34
1026,1121,175.92667563505,1
1026,1122,169.131935590159,89
1027,1025,122.361909693404,11
1027,1026,80.6419096934042,3722
1027,1028,74.6819096934042,448014
1027,1029,146.201909693404,111950
1027,1030,208.6,8536
1027,1031,292.767638773617,338
1027,1073,173.931458160425,5
1027,1074,105.573367853829,1577
1027,1075,67.4919355901587,119406
1027,1076,103.045247510929,196536
1027,1077,153.617187240638,12025
1027,1078,212.853367853829,9
1027,982,285.235006648175,268
1027,983,329.982916320851,527
1028,1026,155.323819386808,6
1028,1027,74.6819096934042,58196
1028,1029,71.52,428507
1028,1030,140.241909693404,149009
1028,1031,224.409548467021,9794
1028,1032,275.251458160425,12
1028,1074,173.931458160425,1
1028,1075,108.371458160425,7628
1028,1076,75.7946237267725,49869
1028,1077,92.0498302837385,32454
1028,1078,138.171458160425,334
1028,935,357.243817704062,3
1028,982,216.876916341579,11123
1028,983,261.624826014255,28440
1028,984,327.184826014255,801
1029,1027,146.201909693404,15
1029,1028,71.52,4273
1029,1030,68.7219096934042,342074
1029,1031,152.889548467021,78721
1029,1032,203.731458160425,405
1029,1076,112.482292614806,110
1029,1077,76.7319355901587,12022
1029,1078,74.1454882955709,2331
1029,934,299.876189691878,29
1029,935,287.597325237848,4551
1029,936,321.100907979565,5530
1029,937,367.925832641701,5
1029,982,147.230423875365,120775
1029,983,191.978333548041,436919
1029,984,255.664826014255,35536
1029,985,324.750555094467,10
1030,1028,140.241909693404,4
1030,1029,68.7219096934042,6824
1030,1031,84.1676387736169,115254
1030,1032,135.009548467021,1752
1030,1077,119.391217375783,1
1030,1078,67.4919355901587,25
1030,889,405.272065282739,1
1030,934,258.853118633862,188
1030,935,243.301832724615,20147
1030,936,269.240566090238,32778
1030,937,314.191983218588,630
1030,982,105.389247453545,110368
1030,983,140.117991658715,647403
1030,984,186.942916320851,155809
1030,985,256.028645401063,270
1031,1029,152.889548467021,2
1031,1030,84.1676387736169,24966
1031,1032,50.8419096934042,18908
1031,889,333.137366269924,17
1031,890,366.640949011641,1
1031,934,218.143871180317,2
1031,935,188.549247453545,1712
1031,936,198.618836952642,19377
1031,937,237.518374580117,3952
1031,982,81.0544130565479,3989
1031,983,75.7946237267725,459160
1031,984,108.395800148593,425217
1031,985,171.861006627446,1727
1032,1030,135.009548467021,2120
1032,1031,50.8419096934042,235760
1032,889,304.127290905768,192
1032,890,327.040084520955,33
1032,935,179.309247453545,185
1032,936,172.881183043704,16242
1032,937,197.917510089431,8104
1032,938,266.418133795475,2
1032,982,114.331458160425,130
1032,983,74.3943979993393,259271
1032,984,71.8208754083443,690502
1032,985,130.386634602974,3519
1070,1023,137.295559363951,116861
1070,1024,192.902916320851,81565
1070,1025,259.805729080213,3
1070,1071,68.7219096934042,308775
1070,1072,152.525729080213,21375
1070,1073,227.207638773617,1393
1070,1120,178.45479597795,1900
1070,1121,237.784826014255,74
1070,1167,234.749247453545,8
1070,975,242.600505861404,99
1070,976,246.955419683994,111
1071,1023,114.629247453545,59763
1071,1024,151.113408885905,56818
1071,1025,197.407638773617,14
1071,1070,68.7219096934042,294410
1071,1072,83.8038193868084,165406
1071,1073,158.485729080213,42845
1071,1074,233.167638773617,760
1071,1120,132.646333589498,26112
1071,1121,172.809931388423,4735
1071,1122,252.866735707659,2
1071,1167,228.321183043704,40
1071,975,229.25849490709,92
1071,976,208.912927316622,288
1071,977,224.964585229613,1
1072,1023,141.068228225694,10881
1072,1024,142.349247453545,1044
1072,1025,126.251458160425,813
1072,1026,167.971458160425,887
1072,1027,242.289548467021,5
1072,1070,152.525729080213,14094
1072,1071,83.8038193868084,85624
1072,1073,74.6819096934042,534466
1072,1074,149.363819386808,100296
1072,1075,214.923819386808,1030
1072,1076,298.727638773617,1
1072,1120,105.389247453545,91004
1072,1121,107.380649680911,40198
1072,1122,172.809931388423,6380
1072,1123,225.864826014255,72
1072,1167,236.752133816203,1
1073,1023,190.963183080359,49
1073,1024,176.954750806324,437
1073,1025,74.3943979993393,1210
1073,1026,101.486875387616,7293
1073,1027,173.931458160425,5402
1073,1028,242.289548467021,363
1073,1029,313.809548467021,1
1073,1070,227.207638773617,70
1073,1071,158.485729080213,10652
1073,1072,74.6819096934042,58160
1073,1074,74.6819096934042,701356
1073,1075,140.241909693404,107059
1073,1076,224.045729080213,2194
1073,1077,289.605729080213,2
1073,1120,134.473127069188,240
1073,1121,85.9719355901587,10084
1073,1122,118.376066908102,150316
1073,1123,160.550453989783,12269
1074,1024,242.269122830797,92
1074,1025,82.8162926355349,618
1074,1026,74.8573118633862,43264
1074,1027,105.573367853829,69513
1074,1028,173.931458160425,10630
1074,1029,245.451458160425,909
1074,1030,314.17336785383,4
1074,1071,233.167638773617,124
1074,1072,149.363819386808,3240
1074,1073,74.6819096934042,35165
1074,1075,65.56,311420
1074,1076,149.363819386808,29908
1074,1077,214.923819386808,344
1074,1078,274.16,1
1074,1121,116.56878508102,3821
1074,1122,94.2746237267725,72801
1074,1123,110.655499135117,11804
1075,1025,126.615277547234,54
1075,1026,96.1363227499521,1445
1075,1027,67.4919355901587,20672
1075,1028,108.371458160425,197897
1075,1029,179.891458160425,104631
1075,1030,248.613367853829,8654
1075,1031,332.781006627446,255
1075,1073,140.241909693404,217
1075,1074,65.56,15279
1075,1076,83.8038193868084,473927
1075,1077,149.363819386808,53462
1075,1078,208.6,89
1075,1122,122.213649670547,728
1075,1123,105.389247453545,372
1075,982,325.248374502004,125
1075,983,369.99628417468,294
1076,1027,103.045247510929,7
1076,1028,75.7946237267725,3079
1076,1029,112.482292614806,79514
1076,1030,177.457187240638,60507
1076,1031,261.624826014255,4186
1076,1032,312.466735707659,2
1076,1074,149.363819386808,8
1076,1075,83.8038193868084,12899
1076,1077,65.56,593076
1076,1078,137.443819386808,16857
1076,1122,180.255277547234,5
1076,1123,153.051172204158,3
1076,1124,69.2473528173493,48
1076,982,259.712716490172,1152
1076,983,304.460626162848,6013
1076,984,364.400103561488,14
1077,1028,92.0498302837385,69
1077,1029,76.7319355901587,68025
1077,1030,119.391217375783,329127
1077,1031,196.064826014255,38543
1077,1032,246.906735707659,107
1077,1076,65.56,13995
1077,1078,71.8838193868084,199647
1077,1124,76.9679205903342,46
1077,935,355.128200724305,9
1077,936,388.631783466022,2
1077,982,214.761299361822,10035
1077,983,259.509209034498,47788
1077,984,304.460626162848,1606
1078,1029,74.1454882955709,13379
1078,1030,67.4919355901587,480606
1078,1031,137.295559363951,116421
1078,1032,188.137469057355,891
1078,1077,71.8838193868084,12170
1078,934,326.345054224021,2
1078,935,309.975662950969,464
1078,936,329.862516815718,454
1078,982,172.881183043704,28359
1078,983,203.765882134632,177236
1078,984,245.691359512544,17102
1120,1070,178.45479597795,324
1120,1071,132.646333589498,9406
1120,1072,105.389247453545,30463
1120,1073,134.473127069188,96452
1120,1074,195.337187240638,34357
1120,1075,260.897187240638,358
1120,1121,80.6419096934042,338001
1120,1122,158.121909693404,11189
1120,1123,214.923819386808,47
1120,1167,141.382051830165,46081
1120,1168,123.869247453545,5736
1120,1169,171.818202328939,2
1121,1024,241.310430497249,1
1121,1026,175.92667563505,33
1121,1027,222.14215293485,91
1121,1028,288.626735707659,8
1121,1071,172.809931388423,12
1121,1072,107.380649680911,16462
1121,1073,85.9719355901587,304503
1121,1074,116.56878508102,398159
1121,1075,180.255277547234,50791
1121,1076,251.411458160425,756
1121,1077,316.971458160425,1
1121,1120,80.6419096934042,10422
1121,1122,83.8038193868084,221614
1121,1123,140.605729080213,8839
1122,1025,170.069247453545,1
1122,1026,169.131935590159,128
1122,1027,184.348570271245,583
1122,1028,224.964585229613,499
1122,1029,288.990555094467,116
1122,1072,172.809931388423,6
1122,1073,118.376066908102,9960
1122,1074,94.2746237267725,92310
1122,1075,122.213649670547,106888
1122,1076,180.255277547234,4681
1122,1077,245.815277547234,145
1122,1120,158.121909693404,6
1122,1121,83.8038193868084,63527
1122,1123,56.8019096934042,186629
1123,1025,193.471791770652,5
1123,1026,181.183871180317,780
1123,1027,172.881183043704,2963
1123,1028,199.633987420323,2362
1123,1029,261.786449751391,385
1123,1072,225.864826014255,3
1123,1073,160.550453989783,1385
1123,1074,110.655499135117,192235
1123,1075,105.389247453545,431718
1123,1076,153.051172204158,30621
1123,1077,218.611172204158,584
1123,1121,140.605729080213,6511
1123,1122,56.8019096934042,410964
1124,1027,170.77963045306,2
1124,1028,140.474623726773,111
1124,1029,152.063645452884,2379
1124,1030,196.359137966118,3722
1124,1031,273.032746604589,15
1124,1074,195.337187240638,13
1124,1075,131.650694774424,11752
1124,1076,69.2473528173493,406481
1124,1077,76.9679205903342,563072
1124,1078,137.610694774424,13177
1124,1122,213.581006627446,4
1124,1123,186.37690128437,1
1124,982,291.729219952156,1
1124,983,336.477129624832,10
1167,1071,228.321183043704,1
1167,1072,236.752133816203,3
1167,1120,141.382051830165,88479
1167,1121,210.782916320851,2208
1167,1168,77.8438193868084,244686
1167,1169,162.011458160425,14268
1167,1170,237.057187240638,27
1167,1217,193.536705671354,13726
1167,1218,259.190555094467,4
1167,1265,276.288084406187,41
1168,1071,244.926559316931,13
1168,1072,229.25849490709,236
1168,1073,245.174028452399,569
1168,1074,282.764103660329,22
1168,1120,123.869247453545,161041
1168,1121,166.195318579309,31469
1168,1122,233.604484124928,79
1168,1167,77.8438193868084,69302
1168,1169,84.1676387736169,125908
1168,1170,159.213367853829,3356
1168,1217,135.219856180493,77600
1168,1218,190.714273376591,5683
1168,1265,237.561183043704,18
1168,1266,270.439712360986,2
1169,1120,171.818202328939,4673
1169,1121,206.5429121813,7
1169,1167,162.011458160425,11774
1169,1168,84.1676387736169,209302
1169,1170,75.0457290802126,84419
1169,1217,85.0346237267725,350414
1169,1218,114.04066473812,152103
1169,1219,178.45479597795,242
1169,1265,198.726559316931,830
1169,1266,210.77849490709,6333
1169,1267,247.747551043394,30
1170,1167,237.057187240638,1
1170,1168,159.213367853829,1343
1170,1169,75.0457290802126,59297
1170,1217,96.4514581604253,87854
1170,1218,64.68,699181
1170,1219,115.802544317107,26290
1170,1265,192.770464907441,419
1170,1266,178.371935590159,44720
1170,1267,194.173118633862,8672
1170,1315,303.17849490709,4
1217,1167,193.536705671354,1
1217,1168,135.219856180493,755
1217,1169,85.0346237267725,8194
1217,1170,96.4514581604253,565
1217,1218,80.6419096934042,273561
1217,1219,146.929548467021,3225
1217,1265,113.691935590159,116669
1217,1266,135.219856180493,64882
1217,1267,190.714273376591,1264
1218,1168,190.714273376591,197
1218,1169,114.04066473812,9359
1218,1170,64.68,9830
1218,1217,80.6419096934042,68423
1218,1219,66.2876387736168,74196
1218,1265,141.382051830165,22822
1218,1266,113.691935590159,329035
1218,1267,135.219856180493,64058
1218,1268,202.004002555645,13
1218,1315,238.49849490709,4860
1219,1169,178.45479597795,72
1219,1170,115.802544317107,189
1219,1217,146.929548467021,2133
1219,1218,66.2876387736168,180108
1219,1265,171.133367853829,3832
1219,1266,104.309307682379,294716
1219,1267,84.0973118633863,512936
1219,1268,143.641750816689,2822
1219,1315,194.977311863386,53089
1219,1363,309.606559316931,7
1265,1167,276.288084406187,4
1265,1217,113.691935590159,37864
1265,1218,141.382051830165,1139
1265,1266,80.6419096934042,131926
1265,1267,161.283819386808,1259
1265,1315,194.800765842805,406
1265,1360,234.178611225208,1
1265,1361,217.206559316931,3
1266,1217,135.219856180493,946
1266,1218,113.691935590159,1070
1266,1219,104.309307682379,11
1266,1265,80.6419096934042,227579
1266,1267,80.6419096934042,68461
1266,1268,150.091458160425,13
1266,1315,137.793378771488,69613
1266,1361,231.605088634213,5
1266,1362,226.446559316931,164
1266,1363,237.561183043704,152
1267,1170,194.173118633862,1
1267,1217,190.714273376591,22
1267,1218,135.219856180493,20604
1267,1219,84.0973118633863,15088
1267,1265,161.283819386808,446
1267,1266,80.6419096934042,95471
1267,1268,71.3230560008075,27706
1267,1315,112.754623726772,290175
1267,1316,111.218232443356,178
1267,1361,271.768686433139,3
1267,1362,240.026983270409,619
1267,1363,227.383871180317,1768
1268,1218,202.004002555645,75
1268,1219,143.641750816689,371
1268,1265,230.733367853829,4
1268,1266,150.091458160425,4877
1268,1267,71.3230560008075,573188
1268,1315,93.3138904551887,250722
1268,1316,41.4081463177675,497
1268,1362,234.695942285353,41
1268,1363,198.618836952642,1969
1315,1218,238.49849490709,18
1315,1219,194.977311863386,43
1315,1265,194.800765842805,24
1315,1266,137.793378771488,3545
1315,1267,112.754623726772,49165
1315,1268,93.3138904551887,132
1315,1316,119.391217375783,1196
1315,1361,201.297187240638,2680
1315,1362,141.382051830165,156560
1315,1363,114.629247453545,183945
1315,1410,182.476374543461,22
1315,1411,177.329329361471,22
1316,1218,241.899178998193,53
1316,1219,185.049897134456,379
1316,1266,184.366112001615,4113
1316,1267,111.218232443356,526549
1316,1268,41.4081463177675,292918
1316,1315,119.391217375783,215321
1316,1362,260.773269205948,36
1316,1363,224.696163873236,1611
1356,1357,86.6019096934042,89839
1356,1358,167.243819386808,32307
1356,1359,257.007638773617,1793
1356,1360,340.811458160425,161
1356,1361,427.41336785383,1
1357,1356,86.6019096934042,259583
1357,1358,86.9657290802126,81984
1357,1359,176.729548467021,38505
1357,1360,260.533367853829,12788
1357,1361,347.135277547234,3673
1357,1362,430.939096934042,416
1358,1356,167.243819386808,183108
1358,1357,86.9657290802126,176823
1358,1359,89.7638193868084,127472
1358,1360,173.567638773617,72624
1358,1361,260.169548467021,20503
1358,1362,343.97336785383,16983
1358,1363,418.655277547234,4609
1358,1410,389.946735707659,385
1358,1411,401.866735707659,212
1359,1315,352.731458160425,22
1359,1356,257.007638773617,31639
1359,1357,176.729548467021,85007
1359,1358,89.7638193868084,270172
1359,1360,83.8038193868084,184405
1359,1361,170.405729080213,85845
1359,1362,254.209548467021,30168
1359,1363,328.891458160425,22172
1359,1410,300.182916320851,768
1359,1411,312.102916320851,637
1360,1315,281.575277547234,99
1360,1356,340.811458160425,57
1360,1357,260.533367853829,461
1360,1358,173.567638773617,19740
1360,1359,83.8038193868084,168866
1360,1361,86.6019096934042,207255
1360,1362,170.405729080213,51816
1360,1363,245.087638773617,24761
1360,1410,216.379096934042,912
1360,1411,228.299096934042,696
1361,1265,217.206559316931,5
1361,1315,201.297187240638,151
1361,1357,347.135277547234,5
1361,1358,260.169548467021,8216
1361,1359,170.405729080213,109573
1361,1360,86.6019096934042,458692
1361,1362,83.8038193868084,70914
1361,1363,158.485729080213,10298
1361,1410,131.650694774424,579
1361,1411,141.697187240638,339
1362,1266,226.446559316931,3
1362,1267,240.026983270409,102
1362,1315,141.382051830165,14369
1362,1316,260.773269205948,3
1362,1358,343.97336785383,5
1362,1359,254.209548467021,1094
1362,1360,170.405729080213,66340
1362,1361,83.8038193868084,447842
1362,1363,74.6819096934042,151000
1362,1410,69.2473528173493,3683
1362,1411,74.3943979993393,2744
1363,1266,237.561183043704,207
1363,1267,227.383871180317,13021
1363,1268,198.618836952642,6
1363,1315,114.629247453545,133398
1363,1316,224.696163873236,745
1363,1360,245.087638773617,161
1363,1361,158.485729080213,18792
1363,1362,74.6819096934042,409889
1363,1410,74.1454882955709,3115
1363,1411,65.9725033631437,2744
1410,1267,290.322366087407,349
1410,1315,182.476374543461,80092
1410,1316,295.81571241837,447
1410,1358,389.946735707659,1
1410,1359,300.182916320851,596
1410,1360,216.379096934042,35409
1410,1361,131.650694774424,150105
1410,1362,69.2473528173493,310997
1410,1363,74.1454882955709,344364
1410,1411,11.92,5518
1411,1267,288.447742360635,482
1411,1315,177.329329361471,95114
1411,1316,290.66866723638,724
1411,1359,312.102916320851,222
1411,1360,228.299096934042,22817
1411,1361,141.697187240638,115552
1411,1362,74.3943979993393,310517
1411,1363,65.9725033631437,380875
1411,1410,11.92,7452
412,413,50.8419096934042,117376
412,414,101.683819386808,81491
412,415,143.767638773617,17481
412,458,149.555036762592,2709
412,459,118.376066908102,4483
412,460,84.0973118633863,5488
412,461,85.3898152265299,882
412,506,239.325656407198,395
413,412,50.8419096934042,45944
413,414,50.8419096934042,91341
413,415,92.9257290802126,35062
413,458,192.902916320851,248
413,459,156.463961523569,693
413,460,107.380649680911,1621
413,461,84.0973118633863,167
413,506,277.413551022666,10
414,412,101.683819386808,6788
414,413,50.8419096934042,16357
414,415,42.0838193868084,37732
414,458,243.744826014255,468
414,459,196.064826014255,733
414,460,145.468544296378,645
414,461,107.380649680911,60
414,506,317.014415513351,65
446,493,129.122574431524,10020
446,494,114.629247453545,25188
446,547,347.472546852023,121
458,412,149.555036762592,149133
458,413,192.902916320851,141794
458,414,243.744826014255,111837
458,415,285.828645401063,15904
458,459,47.68,68449
458,460,107.643819386808,42182
458,461,158.485729080213,2807
458,506,104.451935590159,3483
459,412,118.376066908102,69141
459,413,156.463961523569,162267
459,414,196.064826014255,137052
459,415,238.148645401063,19290
459,458,47.68,68960
459,460,59.9638193868084,91528
459,461,110.805729080213,9581
459,506,120.949589499097,6039
459,553,251.0224004976,10
460,412,84.0973118633863,63445
460,413,107.380649680911,210861
460,414,145.468544296378,190806
460,415,183.805348615614,27828
460,458,107.643819386808,21790
460,459,59.9638193868084,43232
460,461,50.8419096934042,7695
460,506,171.545871216973,3687
460,553,295.566802714602,4
493,446,129.122574431524,79520
493,494,56.8019096934042,166127
494,446,114.629247453545,98796
494,493,56.8019096934042,102834
494,547,292.152464787872,2
506,412,239.325656407198,39424
506,413,277.413551022666,66099
506,414,317.014415513351,36554
506,415,355.351219832587,3675
506,458,104.451935590159,182782
506,459,120.949589499097,184700
506,460,171.545871216973,57147
506,461,211.146735707659,5317
506,553,130.072810998503,1382
547,412,595.497290802126,35
547,413,646.339200495531,4
547,458,453.43628417468,1778
547,459,501.11628417468,69
547,460,561.080103561488,3
547,548,65.9238193868084,199051
547,594,131.945006726287,57657
547,595,122.931935590159,11033
547,596,135.921183043704,29275
547,640,277.119239070803,3
547,641,247.249731635857,6
547,642,240.72831013362,133
548,458,400.160103561488,34
548,547,65.9238193868084,51566
548,594,162.739096934042,2440
548,595,129.122574431524,81248
548,596,113.691935590159,302195
548,642,254.158656396834,25
548,691,332.667824268561,3
553,412,369.398467405701,59833
553,413,401.434482520294,50525
553,414,439.522377135761,34634
553,415,477.859181454997,4305
553,458,232.070430497249,99301
553,459,251.0224004976,78519
553,460,295.566802714602,31022
553,461,333.654697330069,2037
553,506,130.072810998503,17428
553,554,44.8819096934042,1
553,602,119.077393771312,1
554,412,362.260019996345,22893
554,413,392.783065235719,15225
554,414,430.870959851187,5576
554,415,469.207764170422,571
554,458,234.749247453545,108618
554,459,243.883953088244,59352
554,460,286.915385430027,19505
554,461,325.003280045494,618
554,506,130.297311863386,53456
554,553,44.8819096934042,120641
554,602,101.64,20
594,547,131.945006726287,72279
594,548,162.739096934042,12052
594,595,56.8019096934042,278956
594,596,119.563819386808,22271
594,641,115.30472490957,1519
594,642,113.691935590159,65169
594,689,215.462626225033,32
594,690,199.663871180317,13133
594,691,225.509247453545,50559
594,739,342.817311863386,14
595,547,122.931935590159,293256
595,548,129.122574431524,131843
595,594,56.8019096934042,90548
595,596,62.7619096934042,26209
595,641,156.415277547234,128
595,642,125.03608196531,8689
595,689,236.254314408667,2
595,690,207.040731588837,2116
595,691,217.206559316931,10692
595,739,340.13849490709,10
596,547,135.921183043704,35422
596,548,113.691935590159,6222
596,594,119.563819386808,29870
596,595,62.7619096934042,166600
596,641,212.853367853829,66
596,642,162.739096934042,8955
596,690,233.431882113903,1263
596,691,223.884520861229,21975
638,547,378.754374481276,12523
638,548,432.030555094467,1420
638,594,269.291458160425,60474
638,595,319.769548467021,6721
638,596,376.207638773617,1
638,639,65.9238193868084,139392
638,640,125.523819386808,206252
638,641,182.325729080213,110975
638,642,251.411458160425,19760
638,686,124.806559316931,24
638,687,115.566559316931,316
638,689,284.449675546573,12
638,690,281.876152955578,510
638,691,340.441912150208,193
639,547,325.478193868084,212
639,594,216.015277547234,102321
639,595,266.49336785383,21491
639,596,322.931458160425,101
639,638,65.9238193868084,2372
639,640,59.6,151254
639,641,116.401909693404,340578
639,642,185.487638773617,191418
639,686,137.295559363951,168
639,687,97.0865593169312,847
639,689,218.525856159765,2113
639,690,215.95233356877,29201
639,691,274.518092763399,13645
639,739,376.080254159104,11
640,547,277.119239070803,144
640,548,319.154374481276,1
640,594,156.415277547234,142469
640,595,206.893367853829,41485
640,596,263.331458160425,326
640,639,59.6,528
640,641,56.8019096934042,166328
640,642,125.887638773617,343638
640,689,160.799363693551,4493
640,690,158.225841102556,67874
640,691,216.791600297186,47872
640,739,318.35376169289,161
641,547,247.249731635857,1765
641,548,274.296806776039,7
641,594,115.30472490957,93064
641,595,156.415277547234,57624
641,596,212.853367853829,1221
641,640,56.8019096934042,278
641,642,69.0857290802126,322221
641,689,122.469021726112,2003
641,690,119.077393771312,104312
641,691,173.104243340286,161134
641,739,279.205314361647,904
642,547,240.72831013362,2
642,594,113.691935590159,4831
642,595,125.03608196531,1267
642,596,162.739096934042,10
642,640,125.887638773617,30
642,641,69.0857290802126,12960
642,689,111.218232443356,31002
642,690,85.9719355901587,276718
642,691,119.077393771312,389882
642,738,266.573686406847,1404
642,739,234.749247453545,120119
642,787,338.263871180317,5
650,412,584.957331859732,13024
650,413,615.480377099106,9878
650,414,653.568271714573,4610
650,415,691.905076033809,404
650,458,457.446559316931,60529
650,459,466.58126495163,29271
650,460,509.612697293413,10295
650,461,547.70059190888,411
650,506,352.994623726772,24273
650,553,236.623871180317,170672
650,554,222.697311863386,9052
650,602,121.057311863386,32755
650,651,60.3276387736169,76
650,699,126.797961544297,2515
650,700,178.45479597795,1747
650,701,219.904826014255,1364
650,702,276.342916320851,450
650,703,332.781006627446,23
650,747,230.195806770476,742
650,748,251.0224004976,810
650,749,273.327058556452,111
650,750,293.465208935657,1
651,412,547.997331859732,7076
651,413,578.520377099106,3903
651,414,616.608271714573,1184
651,415,654.945076033809,56
651,458,420.486559316931,35884
651,459,429.62126495163,13617
651,460,472.652697293413,4244
651,461,510.74059190888,69
651,506,319.783871180317,16280
651,553,212.889103634038,201382
651,554,191.361183043704,13096
651,602,93.8117098627255,84155
651,650,60.3276387736169,118109
651,699,167.145555146288,3651
651,700,215.776449829504,1695
651,701,257.226479865809,813
651,702,313.664570172404,172
651,703,370.102660479,1
651,747,274.633927191489,343
651,748,291.369994099591,500
651,749,310.648712408006,37
653,412,815.143714760405,90
653,413,845.66675999978,10
653,458,689.507565944378,7115
653,459,696.767647852304,1284
653,460,739.799080194087,186
653,461,777.886974809554,1
653,506,585.055630354219,2615
653,553,472.434125261309,99613
653,554,456.632942217605,5733
653,602,354.992942217605,64197
653,607,169.221258329747,1
653,650,243.744826014255,148326
653,651,281.066479865809,7168
653,654,48.0438193868084,8913
653,655,108.007638773617,16895
653,656,143.767638773617,3094
653,699,165.173367853829,77494
653,700,119.391217375783,28881
653,701,77.669247453545,19547
653,702,74.3943979993393,24056
653,703,114.331458160425,26827
653,704,171.133367853829,14001
653,747,233.431882113903,8111
653,748,198.618836952642,8042
653,749,171.943871180317,3234
653,750,142.349247453545,781
653,751,214.354243262174,17
653,752,237.518374580117,24
654,412,863.187534147214,6
654,413,893.710579386588,3
654,458,737.551385331186,2174
654,459,744.811467239112,247
654,460,787.842899580895,31
654,506,633.099449741027,1217
654,553,520.477944648117,37120
654,554,504.676761604414,1906
654,602,403.036761604414,30548
654,607,126.797961544297,58
654,650,291.788645401063,102750
654,651,329.110299252617,4820
654,653,48.0438193868084,1238
654,655,59.9638193868084,85315
654,656,95.7238193868084,10700
654,699,213.217187240638,88311
654,700,161.814514161233,63215
654,701,114.04066473812,71165
654,702,84.0973118633863,87405
654,703,92.0498302837385,62540
654,704,135.737187240638,27859
654,705,191.978333548041,4
654,747,275.855178899352,3829
654,748,234.990254237216,4794
654,749,201.893686406847,1925
654,750,159.891935590159,608
654,751,202.59258527107,34
654,752,225.756716589013,143
654,753,266.418133795475,2
655,412,923.151353534022,1
655,458,797.515204717994,602
655,459,804.775286625921,30
655,460,847.806718967704,3
655,506,693.063269127836,462
655,553,580.441764034926,35286
655,554,564.640580991222,1935
655,602,463.000580991222,31321
655,607,93.3373118633862,68
655,650,351.752464787872,115061
655,651,389.074118639425,5672
655,653,108.007638773617,1159
655,654,59.9638193868084,50462
655,656,35.76,9372
655,699,273.181006627446,98691
655,700,219.904826014255,67235
655,701,164.636946455996,70508
655,702,118.376066908102,91364
655,703,92.4,69909
655,704,115.802544317107,24436
655,705,169.017750874073,2
655,747,326.451460617229,2250
655,748,285.586535955093,3022
655,749,241.899178998193,1452
655,750,190.898269179657,508
655,751,206.091935590159,27
655,752,221.893118633862,91
656,458,833.275204717994,665
656,459,840.535286625921,37
656,506,728.823269127836,366
656,553,616.201764034926,32213
656,554,600.400580991222,1672
656,602,498.760580991222,31891
656,607,97.0865593169312,3670
656,650,387.512464787872,115950
656,651,424.834118639425,6392
656,653,143.767638773617,2231
656,654,95.7238193868084,42146
656,655,35.76,95476
656,699,308.941006627446,124593
656,700,255.664826014255,84076
656,701,192.902916320851,84152
656,702,141.382051830165,68488
656,703,99.6600819079262,50954
656,704,104.451935590159,20062
656,705,152.063645452884,1
656,747,352.843922948297,3929
656,748,310.105490752374,4691
656,749,266.418133795475,2329
656,750,206.339404725627,453
656,751,206.091935590159,16
656,752,216.269247453545,53
685,547,496.975381108722,136
685,594,387.512464787872,7810
685,595,437.990555094467,689
685,638,133.209066897738,178077
685,639,171.497187240638,426926
685,640,231.097187240638,160628
685,641,281.575277547234,76599
685,642,331.689548467021,16137
685,686,59.9638193868084,51270
685,687,116.401909693404,78406
685,689,364.727765853169,13
685,690,362.154243262174,1122
685,691,420.720002456804,312
685,733,115.566559316931,76
685,734,124.806559316931,26
686,594,340.19628417468,13705
686,595,390.674374481276,1413
686,638,124.806559316931,13405
686,639,137.295559363951,224485
686,640,183.781006627446,241486
686,641,234.259096934042,151521
686,642,284.37336785383,53240
686,685,59.9638193868084,24842
686,687,62.7619096934042,280501
686,689,317.411585239977,350
686,690,314.838062648982,9961
686,691,373.403821843612,2518
686,733,126.300142136761,559
686,734,105.389247453545,1501
686,735,97.9046646807356,119
687,594,277.434374481276,30126
687,595,327.912464787872,3704
687,596,384.350555094467,6
687,638,115.566559316931,2535
687,639,97.0865593169312,122165
687,640,130.386634602974,268733
687,641,171.497187240638,347993
687,642,221.611458160425,127342
687,685,116.401909693404,6
687,686,62.7619096934042,1406
687,689,254.649675546573,2800
687,690,252.076152955578,43983
687,691,310.641912150208,12094
687,739,412.204073545912,5
689,642,111.218232443356,191
689,690,53.64,186541
689,691,122.725729080213,264405
689,738,238.555897113728,9981
689,739,206.731458160425,314494
689,786,288.385938067691,128
689,787,310.246081887198,533
690,641,119.077393771312,2
690,642,85.9719355901587,440
690,689,53.64,46264
690,691,69.0857290802126,227839
690,738,194.28343478266,15795
690,739,161.640890465553,404103
690,786,244.113475736623,752
690,787,265.155514192325,2737
691,690,69.0857290802126,1
691,738,157.210690634874,13257
691,739,122.931935590159,265186
691,786,207.040731588837,3020
691,787,226.446559316931,15402
699,412,701.222790040885,2977
699,413,731.745835280259,595
699,414,769.833729895726,54
699,458,575.586641224857,18700
699,459,582.846723132783,7254
699,460,625.878155474567,2040
699,461,663.966050090034,15
699,506,471.134705634699,4427
699,553,358.513200541789,86134
699,554,342.712017498085,3075
699,602,241.072017498085,23452
699,650,126.797961544297,35045
699,651,167.145555146288,142
699,653,165.173367853829,59
699,654,213.217187240638,3910
699,655,273.181006627446,12420
699,656,308.941006627446,2932
699,700,65.9238193868084,22015
699,701,122.361909693404,23170
699,702,178.8,38277
699,703,241.561909693404,40859
699,704,292.04,15955
699,747,111.817311863386,23583
699,748,124.224438953302,21530
699,749,149.555036762592,8691
699,750,192.175277547234,2618
700,412,749.853684724101,1721
700,413,780.376729963475,377
700,414,818.464624578942,26
700,458,624.217535908073,14936
700,459,631.477617815999,5376
700,460,674.509050157782,1681
700,461,712.59694477325,16
700,506,519.765600317914,3813
700,553,407.144095225004,96983
700,554,391.3429121813,4348
700,602,289.7029121813,36212
700,607,288.61247570553,2
700,650,178.45479597795,61519
700,651,215.776449829504,934
700,653,119.391217375783,190
700,654,161.814514161233,9467
700,655,219.904826014255,24034
700,656,255.664826014255,7727
700,699,65.9238193868084,45882
700,701,62.7619096934042,24463
700,702,125.523819386808,40878
700,703,188.285729080213,40604
700,704,238.763819386808,26401
700,705,280.483819386808,10
700,747,114.04066473812,12463
700,748,93.3373118633862,12935
700,749,96.3852324537205,6582
700,750,126.251458160425,2276
700,751,262.661131250195,73
700,752,285.007157204333,68
701,412,791.303714760405,7
701,458,665.667565944378,2159
701,459,672.927647852304,299
701,460,715.959080194087,21
701,506,561.215630354219,908
701,553,448.594125261309,44044
701,554,432.792942217605,1904
701,602,331.152942217605,23214
701,607,240.838626282417,66
701,650,219.904826014255,70988
701,651,257.226479865809,2236
701,653,77.669247453545,1794
701,654,114.04066473812,49291
701,655,164.636946455996,77080
701,656,192.902916320851,19052
701,699,122.361909693404,86992
701,700,62.7619096934042,62804
701,702,62.7619096934042,69041
701,703,125.523819386808,57132
701,704,176.001909693404,41313
701,705,224.045729080213,13
701,747,161.814514161233,4196
701,748,120.949589499097,4899
701,749,94.2746237267725,1792
701,750,81.0544130565479,1016
701,751,206.223040943599,44
701,752,228.569066897738,308
702,458,722.105656250973,12
702,506,617.653720660815,21
702,553,505.032215567905,10862
702,554,489.231032524201,657
702,602,387.591032524201,21468
702,607,205.168535861053,407
702,650,276.342916320851,91733
702,651,313.664570172404,5098
702,653,74.3943979993393,3001
702,654,84.0973118633863,65166
702,655,118.376066908102,98042
702,656,141.382051830165,18996
702,699,178.8,101256
702,700,125.523819386808,101474
702,701,62.7619096934042,128980
702,703,62.7619096934042,71612
702,704,113.24,26136
702,705,167.607638773617,14
702,747,222.702916320851,2355
702,748,168.72343892221,3526
702,749,125.03608196531,1950
702,750,75.7946237267725,208
702,751,149.784950637003,32
702,752,172.130976591142,210
702,753,215.818333548041,8
703,458,778.543746557569,123
703,506,674.09181096741,55
703,553,561.4703058745,17537
703,554,545.669122830797,992
703,602,444.029122830797,26784
703,607,185.737311863386,551
703,650,332.781006627446,102403
703,651,370.102660479,5588
703,653,114.331458160425,2896
703,654,92.0498302837385,59474
703,655,92.4,92974
703,656,99.6600819079262,19585
703,699,241.561909693404,104602
703,700,188.285729080213,99075
703,701,125.523819386808,116128
703,702,62.7619096934042,98565
703,704,56.8019096934042,22970
703,705,111.169548467021,19
703,747,285.464826014255,2483
703,748,225.864826014255,3355
703,749,172.809931388423,1761
703,750,111.218232443356,259
703,751,113.691935590159,30
703,752,135.219856180493,144
703,753,174.368303511737,8
704,458,835.345656250973,227
704,506,730.893720660815,149
704,553,618.272215567904,22045
704,554,602.471032524201,1269
704,602,500.831032524201,28333
704,607,201.53849490709,1843
704,650,389.582916320851,114642
704,651,426.904570172404,6188
704,653,171.133367853829,2704
704,654,135.737187240638,47160
704,655,115.802544317107,97341
704,656,104.451935590159,23978
704,699,292.04,121040
704,700,238.763819386808,90000
704,701,176.001909693404,93260
704,702,113.24,75855
704,703,56.8019096934042,53755
704,705,56.2411463074032,8
704,747,335.942916320851,2656
704,748,276.342916320851,3691
704,749,219.541006627446,1747
704,750,150.455277547234,282
704,751,108.081976544122,17
704,752,111.817311863386,73
733,594,455.255381108722,1
733,638,242.600505861404,83430
733,639,263.595701500712,35438
733,640,304.460626162848,2690
733,641,349.318193868084,453
733,642,399.432464787872,10
733,685,115.566559316931,457783
733,686,126.300142136761,107397
733,687,177.821006627446,27332
733,690,429.897159583024,1
733,734,62.7619096934042,69148
733,735,113.24,1605
733,781,105.389247453545,783
733,782,125.743871180317,239
733,783,158.022333646882,5
734,594,415.678858606204,178
734,595,466.1569489128,1
734,638,230.195806770476,2949
734,639,234.178611225208,38033
734,640,270.504626261689,24225
734,641,309.741671365566,10838
734,642,359.855942285353,862
734,685,124.806559316931,42983
734,686,105.389247453545,279466
734,687,140.117991658715,205821
734,690,390.320637080506,26
734,733,62.7619096934042,72433
734,735,56.8019096934042,59167
734,781,126.300142136761,99
734,782,114.629247453545,969
734,783,124.806559316931,44
735,594,375.017441399742,1
735,638,214.394623726772,340
735,639,203.413118633862,5607
735,640,229.843209055226,2669
735,641,269.080254159104,338
735,642,319.194525078891,7
735,685,140.117991658715,8957
735,686,97.9046646807356,167018
735,687,106.326559316931,55559
735,733,113.24,4674
735,734,56.8019096934042,484151
735,781,171.861006627446,2
735,782,142.940423953478,34
735,783,133.109247453545,8
738,739,59.9638193868084,51548
738,785,87.3295484670211,32
738,786,49.8300409539631,160939
738,787,93.8117098627255,492662
738,835,182.121183043704,57148
738,836,221.310998270234,102185
738,837,256.981088691598,1293
738,884,293.833200541789,8
738,885,351.383809268737,14
739,691,122.931935590159,36
739,738,59.9638193868084,18083
739,786,97.4003829214023,30807
739,787,103.514623726772,355185
739,835,195.914623726773,2760
739,836,226.446559316931,2590
739,837,249.150204769815,1
747,553,466.819677950794,319
747,554,451.01849490709,13
747,602,349.37849490709,372
747,607,402.65314044365,49
747,650,230.195806770476,6418
747,651,274.633927191489,316
747,653,233.431882113903,1434
747,654,275.855178899352,44697
747,655,326.451460617229,99072
747,656,352.843922948297,31153
747,699,111.817311863386,22826
747,700,114.04066473812,46129
747,701,161.814514161233,115436
747,702,222.702916320851,210962
747,703,285.464826014255,193732
747,704,335.942916320851,109601
747,705,371.339096934042,26
747,748,59.6,84791
747,749,116.401909693404,48232
747,750,185.487638773617,12695
747,751,353.516408797428,249
747,752,375.862434751567,291
747,753,419.549791708467,3
747,796,126.797961544297,11561
747,797,163.372886284546,112
748,553,482.737639495091,349
748,554,466.936456451387,5
748,602,365.296456451387,543
748,607,361.788215781514,113
748,650,251.0224004976,12445
748,651,291.369994099591,751
748,653,198.618836952642,2018
748,654,234.990254237216,72011
748,655,285.586535955093,160527
748,656,310.105490752374,52764
748,699,124.224438953302,32444
748,700,93.3373118633862,47938
748,701,120.949589499097,88364
748,702,168.72343892221,172675
748,703,225.864826014255,196562
748,704,276.342916320851,161605
748,705,311.739096934042,75
748,747,59.6,138
748,749,56.8019096934042,30921
748,750,125.887638773617,22814
748,751,293.916408797428,424
748,752,316.262434751567,658
748,753,359.949791708466,7
748,796,110.88,505
748,797,130.072810998503,224
749,553,502.016357803506,77
749,554,486.215174759802,4
749,602,384.575174759802,151
749,607,328.691647951145,74
749,650,273.327058556452,5618
749,651,310.648712408006,531
749,653,171.943871180317,2052
749,654,201.893686406847,68964
749,655,241.899178998193,151219
749,656,266.418133795475,63304
749,699,149.555036762592,21038
749,700,96.3852324537205,34902
749,701,94.2746237267725,66338
749,702,125.03608196531,177493
749,703,172.809931388423,202910
749,704,219.541006627446,179954
749,705,254.937187240638,78
749,747,116.401909693404,29
749,748,56.8019096934042,195
749,750,69.0857290802126,68593
749,751,237.114499104024,508
749,752,259.460525058163,766
749,753,303.147882015062,9
749,797,130.297311863386,1
750,553,522.154508182711,17
750,602,404.713325139007,222
750,607,280.145054224021,134
750,650,293.465208935657,12735
750,651,330.786862787211,934
750,653,142.349247453545,3446
750,654,159.891935590159,79793
750,655,190.898269179657,155698
750,656,206.339404725627,72959
750,699,192.175277547234,41052
750,700,126.251458160425,57178
750,701,81.0544130565479,93558
750,702,75.7946237267725,104892
750,703,111.218232443356,149349
750,704,150.455277547234,168857
750,705,185.851458160425,105
750,747,185.487638773617,183
750,748,125.887638773617,712
750,749,69.0857290802126,339
750,751,168.028770023812,356
750,752,190.37479597795,1184
750,753,234.06215293485,7
751,553,654.817166204908,101
751,554,639.015983161204,4
751,602,537.375983161204,662
751,607,297.554623726772,104
751,650,426.127866957854,8096
751,651,463.449520809408,688
751,653,214.354243262174,2449
751,654,202.59258527107,55203
751,655,206.091935590159,97239
751,656,206.091935590159,82741
751,699,328.584950637003,20188
751,700,262.661131250195,31909
751,701,206.223040943599,56020
751,702,149.784950637003,31751
751,703,113.691935590159,63824
751,704,108.081976544122,234072
751,705,101.486875387616,3018
751,749,237.114499104024,1
751,752,44.8819096934042,93291
751,753,101.683819386808,11129
752,553,677.163192159046,3
752,602,559.722009115343,35
752,607,313.355806770476,76
752,650,448.473892911992,2125
752,651,485.795546763546,194
752,653,237.518374580117,1340
752,654,225.756716589013,26506
752,655,221.893118633862,51734
752,656,216.269247453545,65098
752,699,350.930976591142,7208
752,700,285.007157204333,10895
752,701,228.569066897738,21240
752,702,172.130976591142,9722
752,703,135.219856180493,4857
752,704,111.817311863386,206640
752,705,82.8162926355349,35890
752,748,316.262434751567,1
752,751,44.8819096934042,15958
752,753,56.8019096934042,208641
752,754,110.805729080213,130
753,602,603.409366072242,16
753,607,332.667824268561,58
753,650,492.161249868892,1140
753,651,529.482903720446,95
753,653,281.205731537016,1158
753,654,266.418133795475,23242
753,655,251.0224004976,44189
753,656,235.58126495163,55298
753,699,394.618333548041,5453
753,700,328.694514161233,9186
753,701,272.256423854637,20573
753,702,215.818333548041,10559
753,703,174.368303511737,5339
753,704,135.219856180493,179000
753,705,85.9719355901587,37960
753,747,419.549791708467,2
753,748,359.949791708466,10
753,749,303.147882015062,4
753,751,101.683819386808,21748
753,752,56.8019096934042,211298
753,754,54.0038193868084,429
754,650,544.291561721914,5
754,653,327.715520788679,19
754,654,312.927923047138,709
754,655,289.967340373169,1866
754,656,273.013234951981,2698
754,699,446.748645401063,55
754,700,380.824826014255,128
754,701,324.386735707659,370
754,702,267.948645401063,183
754,703,220.878092763399,121
754,704,177.1907358065,39813
754,705,120.949589499097,12632
754,751,155.687638773617,966
754,752,110.805729080213,39888
754,753,54.0038193868084,569984
781,638,345.535437223536,9316
781,639,355.939843736313,5699
781,640,396.804768398449,1874
781,641,436.041813502327,71
781,685,220.955806770476,139431
781,686,223.183193998018,64247
781,687,266.418133795475,23278
781,733,105.389247453545,252413
781,734,126.300142136761,229396
781,735,171.861006627446,3841
781,782,65.9238193868084,27288
781,783,122.725729080213,1263
781,828,134.473127069188,66
781,829,69.2473528173493,953
781,830,93.8117098627255,1850
781,831,174.368303511737,3
782,638,344.825054224021,723
782,639,345.535437223536,92
782,640,372.783633008704,3
782,685,231.937311863386,10554
782,686,220.01849490709,32696
782,687,248.448877906605,4069
782,733,125.743871180317,120600
782,734,114.629247453545,376156
782,735,142.940423953478,14103
782,781,65.9238193868084,43851
782,783,56.8019096934042,228317
782,829,99.2495484670211,46
782,830,67.4919355901587,900
782,831,124.224438953302,246
783,685,249.613118633862,24
783,686,222.697311863386,370
783,733,158.022333646882,8135
783,734,124.806559316931,112887
783,735,133.109247453545,1855
783,781,122.725729080213,6484
783,782,56.8019096934042,243081
783,784,66.2876387736168,10
783,830,90.4914581604253,3634
783,831,101.64,9897
783,832,164.57849490709,35
783,879,236.623871180317,8
783,880,244.926559316931,1
784,733,222.436464886713,1
784,781,189.013367853829,35
784,782,123.089548467021,3931
784,783,66.2876387736168,144899
784,830,131.483819386808,706
784,831,85.1409055227615,147146
784,832,124.806559316931,85672
784,879,215.462626225033,841
784,880,207.029247453545,101
786,738,49.8300409539631,7760
786,739,97.4003829214023,2449
786,785,53.64,279
786,787,72.2476387736169,357584
786,835,144.459856180493,97459
786,836,186.92209286224,259587
786,837,234.695942285353,19742
786,838,286.55628417468,7
786,884,259.444295133795,173
786,885,316.994903860743,734
787,738,93.8117098627255,21
787,739,103.514623726772,1732
787,786,72.2476387736169,164
787,835,92.4,71377
787,836,127.499288407508,432706
787,837,166.195318579309,103854
787,838,218.055660468636,873
787,884,202.475806770476,2357
787,885,257.572099406011,12961
787,886,294.302742543151,303
796,650,352.085136131947,2
796,653,300.499677950794,44
796,654,334.540019996345,1945
796,655,374.545512587691,7403
796,656,396.038527634536,3751
796,699,230.195806770476,36
796,700,204.217311863386,297
796,701,222.830430497249,21786
796,702,256.16944567959,135611
796,703,302.430325227484,70844
796,704,347.287892932721,25112
796,747,126.797961544297,1625
796,748,110.88,179468
796,749,132.646333589498,371250
796,750,196.832615385487,61733
796,751,364.861385409299,3
796,752,387.207411363437,5
796,797,50.8419096934042,86708
796,843,129.371484135292,14
796,844,111.817311863386,339
796,845,126.797961544297,78
797,653,302.241183043704,1
797,654,327.282366087407,56
797,655,367.287858678753,342
797,656,388.780873725598,231
797,700,219.081183043704,6
797,701,224.571935590159,7791
797,702,248.911791770652,38777
797,703,295.172671318546,9253
797,704,340.848344387587,2106
797,747,163.372886284546,12
797,748,130.072810998503,49380
797,749,130.297311863386,362154
797,750,190.393066840353,24335
797,796,50.8419096934042,74851
797,844,115.802544317107,203
797,845,103.514623726772,4115
828,685,342.26058776933,1110
828,686,353.11741144155,924
828,687,400.891260864663,19
828,733,228.330239180008,63999
828,734,260.773269205948,30935
828,735,304.460626162848,72
828,781,134.473127069188,269930
828,782,180.255277547234,143767
828,783,230.733367853829,7140
828,829,81.0057290802126,113980
828,830,146.565729080213,27261
828,831,233.895277547234,4927
828,832,308.040765842805,2
828,874,183.417187240638,1
828,875,146.393127069188,195
828,876,69.2473528173493,3762
828,879,349.478795920566,1
829,638,414.782790040885,78
829,639,423.674226678444,2
829,685,289.385054224021,14361
829,686,292.430546815367,7061
829,687,331.126576987168,488
829,733,173.81849490709,129987
829,734,191.008585328454,96065
829,735,234.695942285353,320
829,781,69.2473528173493,199928
829,782,99.2495484670211,372975
829,783,149.727638773617,64856
829,784,197.043819386808,2
829,828,81.0057290802126,642
829,830,71.8838193868084,91812
829,831,159.213367853829,30846
829,832,233.3588561494,46
829,879,274.796886227162,233
829,880,293.870490726083,5
830,638,412.31698981418,15
830,685,297.554623726772,6099
830,686,287.510430497249,3726
830,687,315.122708132959,61
830,733,187.611935590159,101987
830,734,182.121183043704,75697
830,735,209.614254179832,77
830,781,93.8117098627255,75896
830,782,67.4919355901587,382581
830,783,90.4914581604253,239716
830,784,131.483819386808,367
830,829,71.8838193868084,43
830,831,87.3295484670211,139553
830,832,161.475036762592,2399
830,878,200.445826045347,1
830,879,202.913066840353,5688
830,880,221.986671339275,618
830,927,308.302314293898,1
831,685,351.253118633862,4
831,686,324.337311863386,6
831,733,249.150204769815,6152
831,734,226.446559316931,3835
831,781,174.368303511737,12970
831,782,124.224438953302,158115
831,783,101.64,173885
831,784,85.1409055227615,68384
831,830,87.3295484670211,10461
831,832,74.1454882955709,85600
831,833,123.453367853829,64
831,878,134.970946476725,540
831,879,134.983871180317,129781
831,880,143.286559316931,39755
831,881,175.92667563505,24
831,927,240.373118633862,2745
831,928,250.417311863386,85
832,733,320.269753314949,306
832,734,289.385054224021,137
832,781,248.513791807307,2300
832,782,195.343987498436,47903
832,783,164.57849490709,84413
832,784,124.806559316931,97598
832,830,161.475036762592,3449
832,831,74.1454882955709,467626
832,833,56.8019096934042,50158
832,878,138.171458160425,561
832,879,112.482292614806,130632
832,880,85.9719355901587,44846
832,881,104.807127089916,4265
832,882,137.295559363951,6
832,926,265.154073624025,1
832,927,206.339404725627,4576
832,928,200.601183043704,357
833,782,237.518374580117,44
833,783,201.39586699931,220
833,784,159.987720681543,104
833,830,210.782916320851,25
833,831,123.453367853829,11359
833,832,56.8019096934042,86581
833,879,159.213367853829,1339
833,880,104.309307682379,16401
833,881,84.0973118633863,309262
833,882,99.6600819079262,7711
835,787,92.4,58
835,836,51.2057290802126,286933
835,837,113.967638773617,306776
835,838,182.689548467021,44808
835,884,115.802544317107,22489
835,885,173.353153044055,272132
835,886,223.700525058163,61798
835,887,277.434374481276,84
835,933,249.150204769815,1
835,934,291.729219952156,2
836,787,127.499288407508,4
836,835,51.2057290802126,8
836,837,62.7619096934042,449754
836,838,131.483819386808,136195
836,884,75.7946237267725,9190
836,885,130.072810998503,261242
836,886,174.368303511737,110545
836,887,226.228645401063,948
836,933,210.77849490709,36
836,934,248.448877906605,218
836,935,300.96275760036,1
837,836,62.7619096934042,5668
837,838,68.7219096934042,451024
837,884,81.0544130565479,96
837,885,112.754623726772,64478
837,886,132.646333589498,148205
837,887,178.45479597795,4267
837,933,195.914623726773,1
837,934,220.01849490709,14
838,837,68.7219096934042,10485
838,885,129.122574431524,503
838,886,112.754623726772,40549
838,887,132.646333589498,35223
838,888,178.45479597795,580
838,935,237.561183043704,2
842,700,345.535437223536,10
842,701,379.692557769681,54
842,702,424.440467442357,1
842,747,233.007742360635,27719
842,748,258.742968270585,16271
842,749,299.404385477047,353
842,750,366.616607023473,1
842,796,172.809931388423,98104
842,797,213.581006627446,92
842,843,65.56,283559
842,844,125.16,34903
842,845,190.72,13
842,889,125.03608196531,6
842,890,111.817311863386,34
842,891,118.376066908102,23
842,892,161.814514161233,2
843,701,351.383809268737,73
843,702,385.540929814882,22
843,747,222.697311863386,14437
843,748,232.070430497249,29091
843,749,262.01781772479,4740
843,750,326.204099520779,7
843,796,129.371484135292,462504
843,797,153.641529228806,9705
843,842,65.56,387
843,844,59.6,211683
843,845,125.16,1662
843,890,131.945006726287,1
843,891,102.577311863386,739
843,892,118.376066908102,501
844,701,334.647742360635,182
844,702,359.805703904932,120
844,703,406.066583452827,1
844,747,230.195806770476,22
844,748,222.697311863386,22669
844,749,240.373118633862,16010
844,750,300.46887361083,66
844,796,111.817311863386,516537
844,797,115.802544317107,109476
844,842,125.16,1
844,843,59.6,4954
844,845,65.56,129163
844,892,101.64,47
844,893,114.04066473812,45
845,701,326.211935590159,1
845,748,231.133118633862,140
845,749,231.937311863386,93
845,796,126.797961544297,29160
845,797,103.514623726772,93637
845,843,125.16,3
845,844,65.56,28321
845,892,120.949589499097,344
845,893,92.4,25802
845,894,124.224438953302,475
874,733,395.246396275136,2156
874,734,429.202396176295,879
874,781,310.39628417468,36488
874,782,363.672464787872,12849
874,783,414.150555094467,40
874,828,183.417187240638,392263
874,829,264.422916320851,10004
874,830,329.982916320851,951
874,831,417.312464787872,34
874,875,50.8419096934042,113472
874,876,150.091458160425,28469
874,923,115.566559316931,27635
875,733,369.463381306404,1
875,781,277.119239070803,1333
875,782,326.648404616421,48
875,828,146.393127069188,51666
875,829,227.3988561494,485
875,830,292.9588561494,7
875,874,50.8419096934042,170046
875,876,113.067397988975,5832
875,923,104.451935590159,19093
875,970,231.605088634213,1
876,686,417.825854633243,2
876,733,297.577591997357,2770
876,734,325.481712397642,605
876,781,199.181570260881,63048
876,782,237.469690603782,15450
876,783,287.947780910377,171
876,828,69.2473528173493,775393
876,829,138.220142136761,29098
876,830,203.780142136761,2170
876,831,291.109690603782,66
876,874,150.091458160425,1182
876,875,113.067397988975,4387
878,782,244.333942248698,99
878,783,234.156630385311,326
878,784,217.085912249049,397
878,830,200.445826045347,17
878,831,134.970946476725,34919
878,832,138.171458160425,54400
878,833,188.649548467021,517
878,879,42.0838193868084,604172
878,880,110.805729080213,187645
878,881,179.527638773617,1298
878,926,163.521976544122,39
878,927,121.994623726772,195081
878,928,159.784213225869,33113
878,974,240.489897134456,101
878,975,232.874623726772,268
878,976,288.090122861889,1
879,781,289.951821885069,35
879,782,246.801183043704,3724
879,783,236.623871180317,9460
879,784,215.462626225033,14013
879,830,202.913066840353,555
879,831,134.983871180317,148814
879,832,112.482292614806,175243
879,833,159.213367853829,9330
879,878,42.0838193868084,476
879,880,68.7219096934042,526079
879,881,137.443819386808,41576
879,926,157.210690634874,14
879,927,105.389247453545,109227
879,928,127.499288407508,36437
879,929,168.206107862065,1
879,974,234.178611225208,124
879,975,220.01849490709,441
879,976,265.860875408344,1
880,781,309.02542638399,5
880,782,263.420471451212,477
880,783,244.926559316931,1131
880,784,207.029247453545,1682
880,830,221.986671339275,108
880,831,143.286559316931,36292
880,832,85.9719355901587,185721
880,833,104.309307682379,53120
880,878,110.805729080213,2
880,879,68.7219096934042,7738
880,881,68.7219096934042,337040
880,882,113.603819386808,189
880,927,130.386634602974,295
880,928,114.629247453545,338
880,929,140.474623726773,34
881,782,300.151114588352,214
881,783,268.567516633202,618
881,784,227.159370315434,722
881,830,263.256224102071,55
881,831,175.92667563505,30561
881,832,104.807127089916,137416
881,833,84.0973118633863,177559
881,878,179.527638773617,1
881,879,137.443819386808,1718
881,880,68.7219096934042,107186
881,882,44.8819096934042,66187
881,927,183.417187240638,2
881,928,137.295559363951,1
881,929,141.886333589498,47
884,836,75.7946237267725,1560
884,837,81.0544130565479,24792
884,838,132.211458160425,53598
884,885,59.0635786021666,434619
884,886,120.291458160425,493749
884,887,189.013367853829,37276
884,888,257.735277547234,215
884,933,134.983871180317,2157
884,934,175.92667563505,33364
884,935,237.518374580117,2772
885,836,130.072810998503,1
885,837,112.754623726772,1054
885,838,129.122574431524,9630
885,884,59.0635786021666,39
885,886,68.7219096934042,581650
885,887,137.443819386808,74306
885,888,206.165729080213,282
885,933,83.16,8490
885,934,118.376066908102,243877
885,935,178.45479597795,93612
885,936,232.188645401063,27
885,982,271.021832724615,14
885,983,265.292667178996,38
886,837,132.646333589498,609
886,838,112.754623726772,20122
886,885,68.7219096934042,3100
886,887,68.7219096934042,621217
886,888,137.443819386808,99998
886,889,203.003819386808,920
886,933,100.222815216166,24
886,934,93.3373118633862,29470
886,935,132.646333589498,162257
886,936,178.45479597795,3544
886,937,229.026735707659,1
886,982,244.926559316931,2
886,983,237.561183043704,9
887,837,178.45479597795,7
887,838,132.646333589498,1975
887,842,234.259096934042,3274
887,843,299.819096934042,3
887,885,137.443819386808,37
887,886,68.7219096934042,13856
887,888,68.7219096934042,539545
887,889,134.281909693404,204692
887,890,203.003819386808,6272
887,891,265.401909693404,4
887,934,111.218232443356,14
887,935,112.754623726772,1293
887,936,132.646333589498,246
887,937,171.545871216973,99
888,838,178.45479597795,7
888,842,171.861006627446,152580
888,843,237.421006627446,14983
888,844,297.021006627446,4
888,886,137.443819386808,596
888,887,68.7219096934042,7250
888,889,65.56,458144
888,890,134.281909693404,166156
888,891,196.68,5624
888,935,129.122574431524,10
888,936,112.754623726772,522
888,937,124.224438953302,21
889,796,297.846013353734,102
889,842,125.03608196531,273796
889,843,171.861006627446,350372
889,844,231.461006627446,20838
889,888,65.56,6826
889,890,68.7219096934042,297723
889,891,131.12,57410
889,892,196.68,1647
889,936,136.031499192501,148
889,937,112.754623726772,128
890,796,261.31649086158,14088
890,797,285.586535955093,1
890,842,111.817311863386,73242
890,843,131.945006726287,600322
890,844,172.809931388423,268874
890,845,234.622916320851,68
890,889,68.7219096934042,788
890,891,68.7219096934042,129681
890,892,134.281909693404,49508
890,893,203.003819386808,54
891,796,224.585847724439,8115
891,797,236.752133816203,18
891,842,118.376066908102,1033
891,843,102.577311863386,136459
891,844,120.949589499097,419329
891,845,165.901006627446,4482
891,889,131.12,2
891,890,68.7219096934042,4758
891,892,65.56,421043
891,893,134.281909693404,7040
892,796,213.457311863386,2925
892,797,211.715806770476,40
892,842,161.814514161233,2
892,843,118.376066908102,2941
892,844,101.64,410522
892,845,120.949589499097,74548
892,890,134.281909693404,7
892,891,65.56,16424
892,893,68.7219096934042,138066
892,894,122.361909693404,28
893,796,212.653118633862,4976
893,797,195.914623726773,174
893,843,156.779096934042,1481
893,844,114.04066473812,308901
893,845,92.4,228848
893,891,134.281909693404,32
893,892,68.7219096934042,141274
893,894,59.9638193868084,30337
894,796,251.0224004976,2
894,843,216.742916320851,4
894,844,164.636946455996,8320
894,845,124.224438953302,10975
894,892,122.361909693404,11764
894,893,59.9638193868084,677471
923,781,378.298753205744,8
923,828,247.572641204129,6925
923,829,328.578370284342,5
923,874,115.566559316931,91411
923,875,104.451935590159,51367
923,876,214.246912123916,415
923,970,137.295559363951,24129
923,971,164.57849490709,1305
924,828,238.901836864165,154
924,874,130.386634602974,28702
924,875,97.6557549769671,16296
924,876,205.576107783952,9
924,923,65.9238193868084,1167165
924,970,191.978333548041,4194
924,971,210.878314351282,378
926,1023,184.8,370
926,878,163.521976544122,2
926,879,157.210690634874,2856
926,880,190.714273376591,1282
926,881,243.744826014255,1
926,927,60.3276387736169,337504
926,928,119.563819386808,50133
926,929,152.161909693404,1
926,970,356.984826014255,3
926,971,284.37336785383,154
926,972,206.893367853829,12399
926,973,135.373367853829,167844
926,974,76.9679205903342,374841
926,975,77.669247453545,141393
926,976,151.113408885905,1848
927,1023,229.25849490709,55
927,783,342.013118633862,3
927,784,318.397557587165,1
927,831,240.373118633862,426
927,832,206.339404725627,1303
927,833,234.695942285353,7
927,879,105.389247453545,86524
927,880,130.386634602974,117872
927,881,183.417187240638,440
927,926,60.3276387736169,432
927,928,71.8838193868084,344811
927,929,117.129548467021,103
927,972,267.221006627446,828
927,973,195.701006627446,26105
927,974,137.295559363951,82232
927,975,114.629247453545,53109
927,976,166.095499135117,2350
928,784,321.65849490709,1
928,831,250.417311863386,433
928,832,200.601183043704,1386
928,833,209.614254179832,7
928,879,127.499288407508,68480
928,880,114.629247453545,179205
928,881,137.295559363951,2393
928,882,162.739096934042,1
928,926,119.563819386808,1
928,927,71.8838193868084,96874
928,929,45.2457290802126,37286
928,973,254.937187240638,10
928,974,183.417187240638,305
928,975,130.386634602974,796
928,976,157.210690634874,15105
929,879,168.206107862065,2187
929,880,140.474623726773,4580
929,881,141.886333589498,5
929,927,117.129548467021,6088
929,928,45.2457290802126,985834
929,975,147.293367853829,74
929,976,157.976931398788,43772
933,884,134.983871180317,1
933,885,83.16,117642
933,886,100.222815216166,86262
933,887,153.25336785383,6362
933,888,215.651458160425,135
933,934,65.9238193868084,504535
933,935,135.009548467021,109759
933,936,203.731458160425,155
933,982,208.049615317739,101
933,983,202.32044977212,315
934,885,118.376066908102,530
934,886,93.3373118633862,271
934,887,111.218232443356,26932
934,888,162.375277547234,51879
934,889,227.935277547234,3801
934,890,290.33336785383,10
934,933,65.9238193868084,7148
934,935,69.0857290802126,760467
934,936,137.807638773617,177414
934,937,203.367638773617,702
934,982,153.463871180317,11811
934,983,146.916600270894,72178
934,984,181.277228272714,1396
935,842,299.110073525184,97
935,843,349.682013254893,2
935,886,132.646333589498,57
935,887,112.754623726772,66284
935,888,129.122574431524,389243
935,889,177.821006627446,196277
935,890,240.219096934042,16472
935,891,308.941006627446,87
935,934,69.0857290802126,396
935,936,68.7219096934042,336803
935,937,134.281909693404,52124
935,938,200.205729080213,1
935,982,140.366901362483,13
935,983,112.754623726772,2057
935,984,124.224438953302,802
936,842,261.067581157811,8532
936,843,306.018998286161,8852
936,844,346.883922948297,69
936,887,132.646333589498,69
936,888,112.754623726772,32713
936,889,136.031499192501,478014
936,890,177.821006627446,234533
936,891,246.542916320851,17735
936,892,312.102916320851,9
936,935,68.7219096934042,190
936,937,65.56,253080
936,938,137.807638773617,346
936,983,129.122574431524,3
936,984,103.514623726772,370
937,796,388.926095417885,27
937,842,229.732892906429,71205
937,843,261.067581157811,163935
937,844,301.932505819947,13453
937,887,171.545871216973,1
937,888,124.224438953302,1903
937,889,112.754623726772,147422
937,890,129.122574431524,546447
937,891,180.982916320851,183673
937,892,246.542916320851,1647
937,936,65.56,2685
937,938,72.2476387736169,4360
937,985,76.7319355901587,21
938,796,327.990321087934,77
938,842,179.309247453545,43091
938,843,198.618836952642,121404
938,844,233.431882113903,13736
938,888,138.535277547234,21
938,889,87.9633378175249,16002
938,890,67.4919355901587,445878
938,891,112.482292614806,409518
938,892,174.295277547234,8932
938,936,137.807638773617,3
938,937,72.2476387736169,8588
970,874,221.893118633862,12626
970,875,231.605088634213,701
970,923,137.295559363951,262598
970,971,78.2319807617845,44532
970,972,156.415277547234,367
972,1023,225.864826014255,255
972,1070,243.301832724615,6
972,923,217.645002430512,32
972,970,156.415277547234,67568
972,971,83.8038193868084,136508
972,973,71.52,17107
972,974,143.04,1426
972,975,211.761909693404,38
973,1023,167.45937875076,13451
973,1024,216.742916320851,1
973,1070,225.509247453545,70
973,1071,249.150204769815,2
973,927,195.701006627446,9
973,928,254.937187240638,6
973,970,227.935277547234,4244
973,971,155.323819386808,24336
973,972,71.52,66076
973,974,71.52,106754
973,975,140.241909693404,16710
973,976,221.611458160425,19
974,1023,127.499288407508,6860
974,1024,156.463961523569,1
974,879,234.178611225208,10
974,880,267.682193966925,8
974,926,76.9679205903342,69
974,927,137.295559363951,13728
974,928,183.417187240638,16695
974,970,299.455277547234,7
974,971,226.843819386808,3454
974,972,143.04,60563
974,973,71.52,346179
974,975,68.7219096934042,104890
974,976,150.091458160425,5709
975,1023,114.629247453545,1040
975,832,317.696230723954,8
975,879,220.01849490709,40081
975,880,234.178611225208,36856
975,881,267.682193966925,23
975,926,77.669247453545,130
975,927,114.629247453545,230245
975,928,130.386634602974,393095
975,929,147.293367853829,1427
975,971,295.565729080213,10
975,972,211.761909693404,5268
975,973,140.241909693404,84589
975,974,68.7219096934042,169411
975,976,81.3695484670211,66820
976,1023,111.533367853829,53933
976,1024,60.8254581811537,18334
976,1025,246.726912123916,357
976,1026,288.446912123916,7
976,879,265.860875408344,549
976,880,268.567516633202,406
976,926,151.113408885905,14
976,927,166.095499135117,67917
976,928,157.210690634874,119446
976,929,157.976931398788,125
976,972,293.131458160425,56
976,973,221.611458160425,7438
976,974,150.091458160425,56833
976,975,81.3695484670211,527215
976,977,63.1257290802126,15116
976,978,122.725729080213,12
977,1023,155.687638773617,10914
977,1024,86.9657290802126,71717
977,1025,253.700750785596,148440
977,1026,295.420750785596,15527
977,927,223.60070561397,1430
977,928,214.715897113728,1033
977,973,284.737187240638,14
977,974,213.217187240638,1428
977,975,144.495277547234,81386
977,976,63.1257290802126,263314
977,978,59.6,20852
978,1023,215.287638773617,1266
978,1024,146.565729080213,30946
978,1025,311.42724325181,355689
978,1026,353.14724325181,90648
978,927,282.145303443988,30
978,928,272.442389579941,8
978,974,272.817187240638,16
978,975,204.095277547234,7331
978,976,122.725729080213,55794
978,977,59.6,274642
982,1030,105.389247453545,2073
982,1031,81.0544130565479,329
982,1032,114.331458160425,2
982,888,267.976505918788,19
982,889,312.927923047138,10
982,934,153.463871180317,12020
982,935,140.366901362483,164220
982,936,176.896423854637,40687
982,937,240.582916320851,216
982,983,62.7619096934042,575282
982,984,128.321909693404,20658
983,1030,140.117991658715,73
983,1031,75.7946237267725,427
983,1032,74.3943979993393,46
983,887,225.509247453545,7
983,888,232.306415497424,779
983,889,265.154073624025,5538
983,890,303.196565991398,516
983,891,358.803922948297,3
983,934,146.916600270894,66
983,935,112.754623726772,65239
983,936,129.122574431524,428092
983,937,177.821006627446,45165
983,938,250.068645401063,1
983,982,62.7619096934042,2536
983,984,65.56,371842
983,985,134.645729080213,701
984,1031,108.395800148593,72
984,1032,71.8208754083443,57
984,842,355.829527587516,500
984,843,390.190155589335,263
984,888,216.269247453545,1425
984,889,232.306415497424,99736
984,890,258.245148863048,78689
984,891,310.105490752374,5539
984,935,124.224438953302,101
984,936,103.514623726772,395724
984,937,129.122574431524,355933
984,938,197.623198137568,503
984,983,65.56,5679
984,985,69.0857290802126,9464
985,842,304.828617768979,3338
985,843,333.137366269924,10758
985,844,369.463381306404,226
985,888,190.423871180317,461
985,889,189.486559316931,122925
985,890,201.192359543637,118712
985,891,248.513791807307,27389
985,892,302.832746604589,36
985,936,87.9633378175249,48283
985,937,76.7319355901587,683687
985,938,136.031499192501,2078
985,983,134.645729080213,6
985,984,69.0857290802126,5680
